{
  "funnel_metrics": {
    "view_to_claim_rate": 4.905008635578584,
    "claim_to_verify_rate": 96.82333129210043,
    "cancellation_rate": 2.4571341090018373,
    "no_show_rate": 0.2372933251684017
  },
  "slot_metrics": {
    "pm": {
      "total_views": 114368,
      "total_claims": "5254",
      "claim_rate": 4.59394236149972,
      "avg_pay_rate": 23.82994535184667,
      "avg_charge_rate": 31.503558687744825
    },
    "am": {
      "total_views": 96910,
      "total_claims": "4524",
      "claim_rate": 4.668248890723352,
      "avg_pay_rate": 24.49382344443298,
      "avg_charge_rate": 31.941430192962542
    },
    "noc": {
      "total_views": 55062,
      "total_claims": "3286",
      "claim_rate": 5.9678180959645495,
      "avg_pay_rate": 24.281890051214994,
      "avg_charge_rate": 30.773273764120447
    }
  },
  "rate_analysis": {
    "Very Low": {
      "view_count": 53651,
      "claim_count": "1282",
      "claim_rate": 2.389517436767255,
      "avg_rate": 20.239538871596057
    },
    "High": {
      "view_count": 53238,
      "claim_count": "2841",
      "claim_rate": 5.336413839738532,
      "avg_rate": 24.441863330703633
    },
    "Low": {
      "view_count": 53044,
      "claim_count": "1868",
      "claim_rate": 3.521604705527487,
      "avg_rate": 21.760143842847445
    },
    "Medium": {
      "view_count": 53166,
      "claim_count": "2193",
      "claim_rate": 4.1248166121205285,
      "avg_rate": 22.564784072527555
    },
    "Very High": {
      "view_count": 53241,
      "claim_count": "4880",
      "claim_rate": 9.165868409684267,
      "avg_rate": 31.837442008978044
    }
  },
  "temporal_analysis": {
    "lead_time_analysis": {
      "lead_time_conversion": [
        {
          "lead_time_bucket": "Very Short",
          "SHIFT_ID": 53298,
          "CLAIMED_AT": 1651,
          "IS_VERIFIED": 1636,
          "view_to_claim_rate": 3.0976772111523885
        },
        {
          "lead_time_bucket": "Short",
          "SHIFT_ID": 53363,
          "CLAIMED_AT": 1439,
          "IS_VERIFIED": 1422,
          "view_to_claim_rate": 2.696625002342447
        },
        {
          "lead_time_bucket": "Medium",
          "SHIFT_ID": 53146,
          "CLAIMED_AT": 3007,
          "IS_VERIFIED": 2960,
          "view_to_claim_rate": 5.657998720505777
        },
        {
          "lead_time_bucket": "Long",
          "SHIFT_ID": 53271,
          "CLAIMED_AT": 4340,
          "IS_VERIFIED": 4178,
          "view_to_claim_rate": 8.147021831765876
        },
        {
          "lead_time_bucket": "Very Long",
          "SHIFT_ID": 53262,
          "CLAIMED_AT": 2627,
          "IS_VERIFIED": 2453,
          "view_to_claim_rate": 4.932221846719988
        }
      ],
      "lead_time_stats": {
        "overall_avg_lead_time": 153.5153194121132,
        "claimed_avg_lead_time": 161.00256957202149,
        "verified_avg_lead_time": 156.01340505617483
      }
    },
    "day_patterns": {
      "daily_patterns": [
        {
          "day_of_week": "Friday",
          "SHIFT_ID": 43241,
          "CLAIMED_AT": 1717,
          "IS_VERIFIED": 1666,
          "success_rate": 3.852824865289887
        },
        {
          "day_of_week": "Monday",
          "SHIFT_ID": 36821,
          "CLAIMED_AT": 1987,
          "IS_VERIFIED": 1932,
          "success_rate": 5.247005784742402
        },
        {
          "day_of_week": "Saturday",
          "SHIFT_ID": 57175,
          "CLAIMED_AT": 2164,
          "IS_VERIFIED": 2103,
          "success_rate": 3.678181023174464
        },
        {
          "day_of_week": "Sunday",
          "SHIFT_ID": 45645,
          "CLAIMED_AT": 2433,
          "IS_VERIFIED": 2354,
          "success_rate": 5.157191368167378
        },
        {
          "day_of_week": "Thursday",
          "SHIFT_ID": 29612,
          "CLAIMED_AT": 1542,
          "IS_VERIFIED": 1483,
          "success_rate": 5.00810482236931
        },
        {
          "day_of_week": "Tuesday",
          "SHIFT_ID": 29064,
          "CLAIMED_AT": 1643,
          "IS_VERIFIED": 1585,
          "success_rate": 5.453481970823011
        },
        {
          "day_of_week": "Wednesday",
          "SHIFT_ID": 24782,
          "CLAIMED_AT": 1578,
          "IS_VERIFIED": 1526,
          "success_rate": 6.157695101283189
        }
      ],
      "hourly_patterns": [
        {
          "hour_of_day": 0,
          "SHIFT_ID": 3116,
          "CLAIMED_AT": 164,
          "IS_VERIFIED": 154,
          "success_rate": 4.942233632862644
        },
        {
          "hour_of_day": 1,
          "SHIFT_ID": 4290,
          "CLAIMED_AT": 437,
          "IS_VERIFIED": 420,
          "success_rate": 9.79020979020979
        },
        {
          "hour_of_day": 2,
          "SHIFT_ID": 797,
          "CLAIMED_AT": 40,
          "IS_VERIFIED": 38,
          "success_rate": 4.767879548306149
        },
        {
          "hour_of_day": 3,
          "SHIFT_ID": 268,
          "CLAIMED_AT": 21,
          "IS_VERIFIED": 21,
          "success_rate": 7.835820895522389
        },
        {
          "hour_of_day": 4,
          "SHIFT_ID": 197,
          "CLAIMED_AT": 6,
          "IS_VERIFIED": 5,
          "success_rate": 2.5380710659898478
        },
        {
          "hour_of_day": 5,
          "SHIFT_ID": 16614,
          "CLAIMED_AT": 972,
          "IS_VERIFIED": 943,
          "success_rate": 5.675935957626098
        },
        {
          "hour_of_day": 6,
          "SHIFT_ID": 29269,
          "CLAIMED_AT": 1646,
          "IS_VERIFIED": 1609,
          "success_rate": 5.497283815641122
        },
        {
          "hour_of_day": 7,
          "SHIFT_ID": 7601,
          "CLAIMED_AT": 470,
          "IS_VERIFIED": 453,
          "success_rate": 5.959742139192212
        },
        {
          "hour_of_day": 8,
          "SHIFT_ID": 57,
          "CLAIMED_AT": 8,
          "IS_VERIFIED": 7,
          "success_rate": 12.280701754385964
        },
        {
          "hour_of_day": 9,
          "SHIFT_ID": 204,
          "CLAIMED_AT": 5,
          "IS_VERIFIED": 4,
          "success_rate": 1.9607843137254901
        },
        {
          "hour_of_day": 10,
          "SHIFT_ID": 1,
          "CLAIMED_AT": 1,
          "IS_VERIFIED": 1,
          "success_rate": 100.0
        },
        {
          "hour_of_day": 11,
          "SHIFT_ID": 722,
          "CLAIMED_AT": 80,
          "IS_VERIFIED": 80,
          "success_rate": 11.080332409972298
        },
        {
          "hour_of_day": 12,
          "SHIFT_ID": 2957,
          "CLAIMED_AT": 275,
          "IS_VERIFIED": 269,
          "success_rate": 9.097057828880622
        },
        {
          "hour_of_day": 13,
          "SHIFT_ID": 31073,
          "CLAIMED_AT": 1490,
          "IS_VERIFIED": 1432,
          "success_rate": 4.608502558491295
        },
        {
          "hour_of_day": 14,
          "SHIFT_ID": 46043,
          "CLAIMED_AT": 1985,
          "IS_VERIFIED": 1915,
          "success_rate": 4.159155571965337
        },
        {
          "hour_of_day": 15,
          "SHIFT_ID": 11939,
          "CLAIMED_AT": 490,
          "IS_VERIFIED": 473,
          "success_rate": 3.9618058463857944
        },
        {
          "hour_of_day": 16,
          "SHIFT_ID": 1933,
          "CLAIMED_AT": 95,
          "IS_VERIFIED": 95,
          "success_rate": 4.914640455250905
        },
        {
          "hour_of_day": 17,
          "SHIFT_ID": 666,
          "CLAIMED_AT": 36,
          "IS_VERIFIED": 36,
          "success_rate": 5.405405405405405
        },
        {
          "hour_of_day": 18,
          "SHIFT_ID": 594,
          "CLAIMED_AT": 29,
          "IS_VERIFIED": 29,
          "success_rate": 4.882154882154882
        },
        {
          "hour_of_day": 19,
          "SHIFT_ID": 684,
          "CLAIMED_AT": 59,
          "IS_VERIFIED": 58,
          "success_rate": 8.47953216374269
        },
        {
          "hour_of_day": 20,
          "SHIFT_ID": 271,